duration,protocol_type,service,flag,src_bytes,dst_bytes,land,wrong_fragment,urgent,hot,num_failed_logins,logged_in,num_compromised,root_shell,su_attempted,num_root,num_file_creations,num_shells,num_access_files,num_outbound_cmds,is_host_login,is_guest_login,count,srv_count,same_srv_rate,diff_srv_rate,srv_diff_host_rate,dst_host_count,dst_host_srv_count,dst_host_same_srv_rate,dst_host_diff_srv_rate,dst_host_same_src_port_rate,dst_host_srv_diff_host_rate,dst_host_serror_rate,dst_host_srv_serror_rate,dst_host_rerror_rate,dst_host_srv_rerror_rate,src_ip,dst_ip,src_port,dst_port
0.0,tcp,tcp,S2,0,0,0,0,0,0,0,0,0,0,0,0,0,0,0,0,0,0,1,1,1.0,0.0,0.0,1,1,1.0,0.0,0.0,0.0,0.0,0.0,0.0,0.0,23.44.236.97,192.168.167.121,443,50355
0.0002,tcp,tcp,S2,0,0,0,0,0,0,0,0,0,0,0,0,0,0,0,0,0,0,1,1,1.0,0.0,0.0,1,1,1.0,0.0,0.0,0.0,0.0,0.0,0.0,0.0,23.44.236.97,192.168.167.121,443,50355
0.7575,udp,udp,OTH,275,0,0,0,0,0,0,0,0,0,0,0,0,0,0,0,0,0,1,1,1.0,0.0,0.0,1,1,1.0,0.0,0.0,0.0,0.0,0.0,0.0,0.0,196.188.74.98,192.168.167.121,37576,6881
0.7577,udp,udp,OTH,275,0,0,0,0,0,0,0,0,0,0,0,0,0,0,0,0,0,1,1,1.0,0.0,0.0,1,1,1.0,0.0,0.0,0.0,0.0,0.0,0.0,0.0,196.188.74.98,192.168.167.121,37576,6881
0.8111,tcp,tcp,S2,1,0,0,0,0,0,0,0,0,0,0,0,0,0,0,0,0,0,1,1,1.0,0.0,0.0,1,1,1.0,0.0,0.0,0.0,0.0,0.0,0.0,0.0,192.168.167.121,23.44.236.88,50330,443
0.8122,tcp,tcp,S2,1,0,0,0,0,0,0,0,0,0,0,0,0,0,0,0,0,0,1,1,1.0,0.0,0.0,1,1,1.0,0.0,0.0,0.0,0.0,0.0,0.0,0.0,192.168.167.121,23.44.236.88,50330,443
0.8145,tcp,tcp,S2,1,0,0,0,0,0,0,0,0,0,0,0,0,0,0,0,0,0,1,1,1.0,0.0,0.0,1,1,1.0,0.0,0.0,0.0,0.0,0.0,0.0,0.0,192.168.167.121,23.44.236.97,50331,443
0.8149,tcp,tcp,S2,1,0,0,0,0,0,0,0,0,0,0,0,0,0,0,0,0,0,1,1,1.0,0.0,0.0,1,1,1.0,0.0,0.0,0.0,0.0,0.0,0.0,0.0,192.168.167.121,23.44.236.97,50331,443
0.9946,tcp,tcp,S2,1,0,0,0,0,0,0,0,0,0,0,0,0,0,0,0,0,0,1,1,1.0,0.0,0.0,1,1,1.0,0.0,0.0,0.0,0.0,0.0,0.0,0.0,192.168.167.121,23.44.236.97,50361,443
0.9954,tcp,tcp,S2,1,0,0,0,0,0,0,0,0,0,0,0,0,0,0,0,0,0,1,1,1.0,0.0,0.0,1,1,1.0,0.0,0.0,0.0,0.0,0.0,0.0,0.0,192.168.167.121,23.44.236.97,50361,443
1.0115,tcp,tcp,S2,1,0,0,0,0,0,0,0,0,0,0,0,0,0,0,0,0,0,1,1,1.0,0.0,0.0,1,1,1.0,0.0,0.0,0.0,0.0,0.0,0.0,0.0,192.168.167.121,23.44.236.97,50355,443
1.0121,tcp,tcp,S2,1,0,0,0,0,0,0,0,0,0,0,0,0,0,0,0,0,0,1,1,1.0,0.0,0.0,1,1,1.0,0.0,0.0,0.0,0.0,0.0,0.0,0.0,192.168.167.121,23.44.236.97,50355,443
1.0362,tcp,tcp,S2,0,0,0,0,0,0,0,0,0,0,0,0,0,0,0,0,0,0,1,1,1.0,0.0,0.0,1,1,1.0,0.0,0.0,0.0,0.0,0.0,0.0,0.0,23.44.236.88,192.168.167.121,443,50330
1.0364,tcp,tcp,S2,0,0,0,0,0,0,0,0,0,0,0,0,0,0,0,0,0,0,1,1,1.0,0.0,0.0,1,1,1.0,0.0,0.0,0.0,0.0,0.0,0.0,0.0,23.44.236.88,192.168.167.121,443,50330
1.0484,tcp,tcp,S2,0,0,0,0,0,0,0,0,0,0,0,0,0,0,0,0,0,0,1,1,1.0,0.0,0.0,1,1,1.0,0.0,0.0,0.0,0.0,0.0,0.0,0.0,23.44.236.97,192.168.167.121,443,50331
1.0487,tcp,tcp,S2,0,0,0,0,0,0,0,0,0,0,0,0,0,0,0,0,0,0,1,1,1.0,0.0,0.0,1,1,1.0,0.0,0.0,0.0,0.0,0.0,0.0,0.0,23.44.236.97,192.168.167.121,443,50331
1.1395,tcp,tcp,S2,1071,0,0,0,0,0,0,0,0,0,0,0,0,0,0,0,0,0,1,1,1.0,0.0,0.0,1,1,1.0,0.0,0.0,0.0,0.0,0.0,0.0,0.0,23.44.236.153,192.168.167.121,443,50512
1.1397,tcp,tcp,S2,1071,0,0,0,0,0,0,0,0,0,0,0,0,0,0,0,0,0,1,1,1.0,0.0,0.0,1,1,1.0,0.0,0.0,0.0,0.0,0.0,0.0,0.0,23.44.236.153,192.168.167.121,443,50512
1.1405,tcp,tcp,S2,43,0,0,0,0,0,0,0,0,0,0,0,0,0,0,0,0,0,1,1,1.0,0.0,0.0,1,1,1.0,0.0,0.0,0.0,0.0,0.0,0.0,0.0,23.44.236.153,192.168.167.121,443,50512
1.1406,tcp,tcp,S2,43,0,0,0,0,0,0,0,0,0,0,0,0,0,0,0,0,0,1,1,1.0,0.0,0.0,1,1,1.0,0.0,0.0,0.0,0.0,0.0,0.0,0.0,23.44.236.153,192.168.167.121,443,50512
1.1416,tcp,tcp,S2,1047,0,0,0,0,0,0,0,0,0,0,0,0,0,0,0,0,0,1,1,1.0,0.0,0.0,1,1,1.0,0.0,0.0,0.0,0.0,0.0,0.0,0.0,23.44.236.152,192.168.167.121,443,50498
1.1417,tcp,tcp,S2,1047,0,0,0,0,0,0,0,0,0,0,0,0,0,0,0,0,0,1,1,1.0,0.0,0.0,1,1,1.0,0.0,0.0,0.0,0.0,0.0,0.0,0.0,23.44.236.152,192.168.167.121,443,50498
1.1429,tcp,tcp,S2,0,0,0,0,0,0,0,0,0,0,0,0,0,0,0,0,0,0,1,1,1.0,0.0,0.0,1,1,1.0,0.0,0.0,0.0,0.0,0.0,0.0,0.0,192.168.167.121,23.44.236.153,50512,443
1.1436,tcp,tcp,S2,0,0,0,0,0,0,0,0,0,0,0,0,0,0,0,0,0,0,1,1,1.0,0.0,0.0,1,1,1.0,0.0,0.0,0.0,0.0,0.0,0.0,0.0,192.168.167.121,23.44.236.153,50512,443
1.1456,tcp,tcp,S2,170,0,0,0,0,0,0,0,0,0,0,0,0,0,0,0,0,0,1,1,1.0,0.0,0.0,1,1,1.0,0.0,0.0,0.0,0.0,0.0,0.0,0.0,23.44.236.152,192.168.167.121,443,50498
1.1462,tcp,tcp,S2,170,0,0,0,0,0,0,0,0,0,0,0,0,0,0,0,0,0,1,1,1.0,0.0,0.0,1,1,1.0,0.0,0.0,0.0,0.0,0.0,0.0,0.0,23.44.236.152,192.168.167.121,443,50498
1.1474,tcp,tcp,SF,24,0,0,0,0,0,0,0,0,0,0,0,0,0,0,0,0,0,1,1,1.0,0.0,0.0,1,1,1.0,0.0,0.0,0.0,0.0,0.0,0.0,0.0,23.44.236.152,192.168.167.121,443,50498
1.1476,tcp,tcp,SF,24,0,0,0,0,0,0,0,0,0,0,0,0,0,0,0,0,0,1,1,1.0,0.0,0.0,1,1,1.0,0.0,0.0,0.0,0.0,0.0,0.0,0.0,23.44.236.152,192.168.167.121,443,50498
1.1481,tcp,tcp,S2,0,0,0,0,0,0,0,0,0,0,0,0,0,0,0,0,0,0,1,1,1.0,0.0,0.0,1,1,1.0,0.0,0.0,0.0,0.0,0.0,0.0,0.0,192.168.167.121,23.44.236.152,50498,443
1.1483,tcp,tcp,S2,0,0,0,0,0,0,0,0,0,0,0,0,0,0,0,0,0,0,1,1,1.0,0.0,0.0,1,1,1.0,0.0,0.0,0.0,0.0,0.0,0.0,0.0,192.168.167.121,23.44.236.152,50498,443
1.149,tcp,tcp,SF,0,0,0,0,0,0,0,0,0,0,0,0,0,0,0,0,0,0,1,1,1.0,0.0,0.0,1,1,1.0,0.0,0.0,0.0,0.0,0.0,0.0,0.0,192.168.167.121,23.44.236.152,50498,443
1.1491,tcp,tcp,SF,0,0,0,0,0,0,0,0,0,0,0,0,0,0,0,0,0,0,1,1,1.0,0.0,0.0,1,1,1.0,0.0,0.0,0.0,0.0,0.0,0.0,0.0,192.168.167.121,23.44.236.152,50498,443
1.2261,tcp,tcp,S2,0,0,0,0,0,0,0,0,0,0,0,0,0,0,0,0,0,0,1,1,1.0,0.0,0.0,1,1,1.0,0.0,0.0,0.0,0.0,0.0,0.0,0.0,23.44.236.97,192.168.167.121,443,50355
1.2264,tcp,tcp,S2,0,0,0,0,0,0,0,0,0,0,0,0,0,0,0,0,0,0,1,1,1.0,0.0,0.0,1,1,1.0,0.0,0.0,0.0,0.0,0.0,0.0,0.0,23.44.236.97,192.168.167.121,443,50355
1.2305,tcp,tcp,S2,0,0,0,0,0,0,0,0,0,0,0,0,0,0,0,0,0,0,1,1,1.0,0.0,0.0,1,1,1.0,0.0,0.0,0.0,0.0,0.0,0.0,0.0,23.44.236.97,192.168.167.121,443,50361
1.2309,tcp,tcp,S2,0,0,0,0,0,0,0,0,0,0,0,0,0,0,0,0,0,0,1,1,1.0,0.0,0.0,1,1,1.0,0.0,0.0,0.0,0.0,0.0,0.0,0.0,23.44.236.97,192.168.167.121,443,50361
1.3709,tcp,tcp,S2,0,0,0,0,0,0,0,0,0,0,0,0,0,0,0,0,0,0,1,1,1.0,0.0,0.0,1,1,1.0,0.0,0.0,0.0,0.0,0.0,0.0,0.0,23.44.236.152,192.168.167.121,443,50498
1.3712,tcp,tcp,S2,0,0,0,0,0,0,0,0,0,0,0,0,0,0,0,0,0,0,1,1,1.0,0.0,0.0,1,1,1.0,0.0,0.0,0.0,0.0,0.0,0.0,0.0,23.44.236.152,192.168.167.121,443,50498
2.0447,tcp,tcp,S2,1,0,0,0,0,0,0,0,0,0,0,0,0,0,0,0,0,0,1,1,1.0,0.0,0.0,1,1,1.0,0.0,0.0,0.0,0.0,0.0,0.0,0.0,192.168.167.121,23.44.236.88,50330,443
2.0453,tcp,tcp,S2,1,0,0,0,0,0,0,0,0,0,0,0,0,0,0,0,0,0,1,1,1.0,0.0,0.0,1,1,1.0,0.0,0.0,0.0,0.0,0.0,0.0,0.0,192.168.167.121,23.44.236.88,50330,443
2.0596,tcp,tcp,S2,1,0,0,0,0,0,0,0,0,0,0,0,0,0,0,0,0,0,1,1,1.0,0.0,0.0,1,1,1.0,0.0,0.0,0.0,0.0,0.0,0.0,0.0,192.168.167.121,23.44.236.97,50331,443
2.0608,tcp,tcp,S2,1,0,0,0,0,0,0,0,0,0,0,0,0,0,0,0,0,0,1,1,1.0,0.0,0.0,1,1,1.0,0.0,0.0,0.0,0.0,0.0,0.0,0.0,192.168.167.121,23.44.236.97,50331,443
2.2449,tcp,tcp,S2,1,0,0,0,0,0,0,0,0,0,0,0,0,0,0,0,0,0,1,1,1.0,0.0,0.0,1,1,1.0,0.0,0.0,0.0,0.0,0.0,0.0,0.0,192.168.167.121,23.44.236.97,50355,443
2.2456,tcp,tcp,S2,1,0,0,0,0,0,0,0,0,0,0,0,0,0,0,0,0,0,1,1,1.0,0.0,0.0,1,1,1.0,0.0,0.0,0.0,0.0,0.0,0.0,0.0,192.168.167.121,23.44.236.97,50355,443
2.2526,tcp,tcp,S2,0,0,0,0,0,0,0,0,0,0,0,0,0,0,0,0,0,0,1,1,1.0,0.0,0.0,1,1,1.0,0.0,0.0,0.0,0.0,0.0,0.0,0.0,23.44.236.88,192.168.167.121,443,50330
2.2528,tcp,tcp,S2,0,0,0,0,0,0,0,0,0,0,0,0,0,0,0,0,0,0,1,1,1.0,0.0,0.0,1,1,1.0,0.0,0.0,0.0,0.0,0.0,0.0,0.0,23.44.236.88,192.168.167.121,443,50330
2.2565,tcp,tcp,S2,0,0,0,0,0,0,0,0,0,0,0,0,0,0,0,0,0,0,1,1,1.0,0.0,0.0,1,1,1.0,0.0,0.0,0.0,0.0,0.0,0.0,0.0,23.44.236.97,192.168.167.121,443,50331
2.2567,tcp,tcp,S2,0,0,0,0,0,0,0,0,0,0,0,0,0,0,0,0,0,0,1,1,1.0,0.0,0.0,1,1,1.0,0.0,0.0,0.0,0.0,0.0,0.0,0.0,23.44.236.97,192.168.167.121,443,50331
2.4637,tcp,tcp,S2,0,0,0,0,0,0,0,0,0,0,0,0,0,0,0,0,0,0,1,1,1.0,0.0,0.0,1,1,1.0,0.0,0.0,0.0,0.0,0.0,0.0,0.0,23.44.236.97,192.168.167.121,443,50355
2.4639,tcp,tcp,S2,0,0,0,0,0,0,0,0,0,0,0,0,0,0,0,0,0,0,1,1,1.0,0.0,0.0,1,1,1.0,0.0,0.0,0.0,0.0,0.0,0.0,0.0,23.44.236.97,192.168.167.121,443,50355
3.2149,tcp,tcp,S1,0,0,0,0,0,0,0,0,0,0,0,0,0,0,0,0,0,0,1,1,1.0,0.0,0.0,1,1,1.0,0.0,0.0,0.0,0.0,0.0,0.0,0.0,71.18.37.193,192.168.167.121,443,50562
3.215,tcp,tcp,S1,0,0,0,0,0,0,0,0,0,0,0,0,0,0,0,0,0,0,1,1,1.0,0.0,0.0,1,1,1.0,0.0,0.0,0.0,0.0,0.0,0.0,0.0,71.18.37.193,192.168.167.121,443,50562
3.2617,tcp,tcp,S2,1,0,0,0,0,0,0,0,0,0,0,0,0,0,0,0,0,0,1,1,1.0,0.0,0.0,1,1,1.0,0.0,0.0,0.0,0.0,0.0,0.0,0.0,192.168.167.121,23.44.236.88,50330,443
3.2624,tcp,tcp,S2,1,0,0,0,0,0,0,0,0,0,0,0,0,0,0,0,0,0,1,1,1.0,0.0,0.0,1,1,1.0,0.0,0.0,0.0,0.0,0.0,0.0,0.0,192.168.167.121,23.44.236.88,50330,443
3.2636,tcp,tcp,S2,1,0,0,0,0,0,0,0,0,0,0,0,0,0,0,0,0,0,1,1,1.0,0.0,0.0,1,1,1.0,0.0,0.0,0.0,0.0,0.0,0.0,0.0,192.168.167.121,23.44.236.97,50331,443
3.2638,tcp,tcp,S2,1,0,0,0,0,0,0,0,0,0,0,0,0,0,0,0,0,0,1,1,1.0,0.0,0.0,1,1,1.0,0.0,0.0,0.0,0.0,0.0,0.0,0.0,192.168.167.121,23.44.236.97,50331,443
3.4756,tcp,tcp,S2,1,0,0,0,0,0,0,0,0,0,0,0,0,0,0,0,0,0,1,1,1.0,0.0,0.0,1,1,1.0,0.0,0.0,0.0,0.0,0.0,0.0,0.0,192.168.167.121,23.44.236.97,50355,443
3.4764,tcp,tcp,S2,1,0,0,0,0,0,0,0,0,0,0,0,0,0,0,0,0,0,1,1,1.0,0.0,0.0,1,1,1.0,0.0,0.0,0.0,0.0,0.0,0.0,0.0,192.168.167.121,23.44.236.97,50355,443
3.5123,tcp,tcp,S2,0,0,0,0,0,0,0,0,0,0,0,0,0,0,0,0,0,0,1,1,1.0,0.0,0.0,1,1,1.0,0.0,0.0,0.0,0.0,0.0,0.0,0.0,23.44.236.88,192.168.167.121,443,50330
3.5125,tcp,tcp,S2,0,0,0,0,0,0,0,0,0,0,0,0,0,0,0,0,0,0,1,1,1.0,0.0,0.0,1,1,1.0,0.0,0.0,0.0,0.0,0.0,0.0,0.0,23.44.236.88,192.168.167.121,443,50330
3.5132,tcp,tcp,S2,0,0,0,0,0,0,0,0,0,0,0,0,0,0,0,0,0,0,1,1,1.0,0.0,0.0,1,1,1.0,0.0,0.0,0.0,0.0,0.0,0.0,0.0,23.44.236.97,192.168.167.121,443,50331
3.5134,tcp,tcp,S2,0,0,0,0,0,0,0,0,0,0,0,0,0,0,0,0,0,0,1,1,1.0,0.0,0.0,1,1,1.0,0.0,0.0,0.0,0.0,0.0,0.0,0.0,23.44.236.97,192.168.167.121,443,50331
3.744,tcp,tcp,S2,0,0,0,0,0,0,0,0,0,0,0,0,0,0,0,0,0,0,1,1,1.0,0.0,0.0,1,1,1.0,0.0,0.0,0.0,0.0,0.0,0.0,0.0,23.44.236.97,192.168.167.121,443,50355
3.7445,tcp,tcp,S2,0,0,0,0,0,0,0,0,0,0,0,0,0,0,0,0,0,0,1,1,1.0,0.0,0.0,1,1,1.0,0.0,0.0,0.0,0.0,0.0,0.0,0.0,23.44.236.97,192.168.167.121,443,50355
3.8104,tcp,tcp,S0,0,0,0,0,0,0,0,0,0,0,0,0,0,0,0,0,0,0,1,1,1.0,0.0,0.0,1,1,1.0,0.0,0.0,0.0,0.0,0.0,0.0,0.0,192.168.167.121,71.18.37.193,50570,443
3.8107,tcp,tcp,S0,0,0,0,0,0,0,0,0,0,0,0,0,0,0,0,0,0,0,1,1,1.0,0.0,0.0,1,1,1.0,0.0,0.0,0.0,0.0,0.0,0.0,0.0,192.168.167.121,71.18.37.193,50570,443
4.1053,tcp,tcp,S1,0,0,0,0,0,0,0,0,0,0,0,0,0,0,0,0,0,0,1,1,1.0,0.0,0.0,1,1,1.0,0.0,0.0,0.0,0.0,0.0,0.0,0.0,71.18.37.193,192.168.167.121,443,50570
4.1055,tcp,tcp,S1,0,0,0,0,0,0,0,0,0,0,0,0,0,0,0,0,0,0,1,1,1.0,0.0,0.0,1,1,1.0,0.0,0.0,0.0,0.0,0.0,0.0,0.0,71.18.37.193,192.168.167.121,443,50570
4.1061,tcp,tcp,S2,0,0,0,0,0,0,0,0,0,0,0,0,0,0,0,0,0,0,1,1,1.0,0.0,0.0,1,1,1.0,0.0,0.0,0.0,0.0,0.0,0.0,0.0,192.168.167.121,71.18.37.193,50570,443
4.1065,tcp,tcp,S2,0,0,0,0,0,0,0,0,0,0,0,0,0,0,0,0,0,0,1,1,1.0,0.0,0.0,1,1,1.0,0.0,0.0,0.0,0.0,0.0,0.0,0.0,192.168.167.121,71.18.37.193,50570,443
4.1091,tcp,tcp,S2,517,0,0,0,0,0,0,0,0,0,0,0,0,0,0,0,0,0,1,1,1.0,0.0,0.0,1,1,1.0,0.0,0.0,0.0,0.0,0.0,0.0,0.0,192.168.167.121,71.18.37.193,50570,443
4.1094,tcp,tcp,S2,517,0,0,0,0,0,0,0,0,0,0,0,0,0,0,0,0,0,1,1,1.0,0.0,0.0,1,1,1.0,0.0,0.0,0.0,0.0,0.0,0.0,0.0,192.168.167.121,71.18.37.193,50570,443
4.4036,tcp,tcp,S2,0,0,0,0,0,0,0,0,0,0,0,0,0,0,0,0,0,0,1,1,1.0,0.0,0.0,1,1,1.0,0.0,0.0,0.0,0.0,0.0,0.0,0.0,71.18.37.193,192.168.167.121,443,50570
4.4039,tcp,tcp,S2,0,0,0,0,0,0,0,0,0,0,0,0,0,0,0,0,0,0,1,1,1.0,0.0,0.0,1,1,1.0,0.0,0.0,0.0,0.0,0.0,0.0,0.0,71.18.37.193,192.168.167.121,443,50570
4.4342,tcp,tcp,S2,4056,0,0,0,0,0,0,0,0,0,0,0,0,0,0,0,0,0,1,1,1.0,0.0,0.0,1,1,1.0,0.0,0.0,0.0,0.0,0.0,0.0,0.0,71.18.37.193,192.168.167.121,443,50570
4.4346,tcp,tcp,S2,4056,0,0,0,0,0,0,0,0,0,0,0,0,0,0,0,0,0,1,1,1.0,0.0,0.0,1,1,1.0,0.0,0.0,0.0,0.0,0.0,0.0,0.0,71.18.37.193,192.168.167.121,443,50570
4.4359,tcp,tcp,S2,129,0,0,0,0,0,0,0,0,0,0,0,0,0,0,0,0,0,1,1,1.0,0.0,0.0,1,1,1.0,0.0,0.0,0.0,0.0,0.0,0.0,0.0,71.18.37.193,192.168.167.121,443,50570
4.4363,tcp,tcp,S2,129,0,0,0,0,0,0,0,0,0,0,0,0,0,0,0,0,0,1,1,1.0,0.0,0.0,1,1,1.0,0.0,0.0,0.0,0.0,0.0,0.0,0.0,71.18.37.193,192.168.167.121,443,50570
4.4374,tcp,tcp,S2,0,0,0,0,0,0,0,0,0,0,0,0,0,0,0,0,0,0,1,1,1.0,0.0,0.0,1,1,1.0,0.0,0.0,0.0,0.0,0.0,0.0,0.0,192.168.167.121,71.18.37.193,50570,443
4.4377,tcp,tcp,S2,0,0,0,0,0,0,0,0,0,0,0,0,0,0,0,0,0,0,1,1,1.0,0.0,0.0,1,1,1.0,0.0,0.0,0.0,0.0,0.0,0.0,0.0,192.168.167.121,71.18.37.193,50570,443
4.4395,tcp,tcp,S2,1320,0,0,0,0,0,0,0,0,0,0,0,0,0,0,0,0,0,1,1,1.0,0.0,0.0,1,1,1.0,0.0,0.0,0.0,0.0,0.0,0.0,0.0,192.168.167.121,71.18.37.193,50570,443
4.4399,tcp,tcp,S2,1320,0,0,0,0,0,0,0,0,0,0,0,0,0,0,0,0,0,1,1,1.0,0.0,0.0,1,1,1.0,0.0,0.0,0.0,0.0,0.0,0.0,0.0,192.168.167.121,71.18.37.193,50570,443
4.443,tcp,tcp,S2,1320,0,0,0,0,0,0,0,0,0,0,0,0,0,0,0,0,0,1,1,1.0,0.0,0.0,1,1,1.0,0.0,0.0,0.0,0.0,0.0,0.0,0.0,192.168.167.121,71.18.37.193,50570,443
4.4435,tcp,tcp,S2,1320,0,0,0,0,0,0,0,0,0,0,0,0,0,0,0,0,0,1,1,1.0,0.0,0.0,1,1,1.0,0.0,0.0,0.0,0.0,0.0,0.0,0.0,192.168.167.121,71.18.37.193,50570,443
4.4464,tcp,tcp,S2,1320,0,0,0,0,0,0,0,0,0,0,0,0,0,0,0,0,0,1,1,1.0,0.0,0.0,1,1,1.0,0.0,0.0,0.0,0.0,0.0,0.0,0.0,192.168.167.121,71.18.37.193,50570,443
4.4468,tcp,tcp,S2,1320,0,0,0,0,0,0,0,0,0,0,0,0,0,0,0,0,0,1,1,1.0,0.0,0.0,1,1,1.0,0.0,0.0,0.0,0.0,0.0,0.0,0.0,192.168.167.121,71.18.37.193,50570,443
4.4483,tcp,tcp,S2,1320,0,0,0,0,0,0,0,0,0,0,0,0,0,0,0,0,0,1,1,1.0,0.0,0.0,1,1,1.0,0.0,0.0,0.0,0.0,0.0,0.0,0.0,192.168.167.121,71.18.37.193,50570,443
4.4487,tcp,tcp,S2,1320,0,0,0,0,0,0,0,0,0,0,0,0,0,0,0,0,0,1,1,1.0,0.0,0.0,1,1,1.0,0.0,0.0,0.0,0.0,0.0,0.0,0.0,192.168.167.121,71.18.37.193,50570,443
4.4502,tcp,tcp,S2,1320,0,0,0,0,0,0,0,0,0,0,0,0,0,0,0,0,0,1,1,1.0,0.0,0.0,1,1,1.0,0.0,0.0,0.0,0.0,0.0,0.0,0.0,192.168.167.121,71.18.37.193,50570,443
4.4505,tcp,tcp,S2,1320,0,0,0,0,0,0,0,0,0,0,0,0,0,0,0,0,0,1,1,1.0,0.0,0.0,1,1,1.0,0.0,0.0,0.0,0.0,0.0,0.0,0.0,192.168.167.121,71.18.37.193,50570,443
4.4522,tcp,tcp,S2,1320,0,0,0,0,0,0,0,0,0,0,0,0,0,0,0,0,0,1,1,1.0,0.0,0.0,1,1,1.0,0.0,0.0,0.0,0.0,0.0,0.0,0.0,192.168.167.121,71.18.37.193,50570,443
4.4525,tcp,tcp,S2,1320,0,0,0,0,0,0,0,0,0,0,0,0,0,0,0,0,0,1,1,1.0,0.0,0.0,1,1,1.0,0.0,0.0,0.0,0.0,0.0,0.0,0.0,192.168.167.121,71.18.37.193,50570,443
4.454,tcp,tcp,S2,1320,0,0,0,0,0,0,0,0,0,0,0,0,0,0,0,0,0,1,1,1.0,0.0,0.0,1,1,1.0,0.0,0.0,0.0,0.0,0.0,0.0,0.0,192.168.167.121,71.18.37.193,50570,443
4.4543,tcp,tcp,S2,1320,0,0,0,0,0,0,0,0,0,0,0,0,0,0,0,0,0,1,1,1.0,0.0,0.0,1,1,1.0,0.0,0.0,0.0,0.0,0.0,0.0,0.0,192.168.167.121,71.18.37.193,50570,443
4.4557,tcp,tcp,S2,1320,0,0,0,0,0,0,0,0,0,0,0,0,0,0,0,0,0,1,1,1.0,0.0,0.0,1,1,1.0,0.0,0.0,0.0,0.0,0.0,0.0,0.0,192.168.167.121,71.18.37.193,50570,443
4.4563,tcp,tcp,S2,1320,0,0,0,0,0,0,0,0,0,0,0,0,0,0,0,0,0,1,1,1.0,0.0,0.0,1,1,1.0,0.0,0.0,0.0,0.0,0.0,0.0,0.0,192.168.167.121,71.18.37.193,50570,443
4.4607,tcp,tcp,S2,1320,0,0,0,0,0,0,0,0,0,0,0,0,0,0,0,0,0,1,1,1.0,0.0,0.0,1,1,1.0,0.0,0.0,0.0,0.0,0.0,0.0,0.0,192.168.167.121,71.18.37.193,50570,443
4.4615,tcp,tcp,S2,1320,0,0,0,0,0,0,0,0,0,0,0,0,0,0,0,0,0,1,1,1.0,0.0,0.0,1,1,1.0,0.0,0.0,0.0,0.0,0.0,0.0,0.0,192.168.167.121,71.18.37.193,50570,443
4.4653,tcp,tcp,S2,1320,0,0,0,0,0,0,0,0,0,0,0,0,0,0,0,0,0,1,1,1.0,0.0,0.0,1,1,1.0,0.0,0.0,0.0,0.0,0.0,0.0,0.0,192.168.167.121,71.18.37.193,50570,443
4.4657,tcp,tcp,S2,1320,0,0,0,0,0,0,0,0,0,0,0,0,0,0,0,0,0,1,1,1.0,0.0,0.0,1,1,1.0,0.0,0.0,0.0,0.0,0.0,0.0,0.0,192.168.167.121,71.18.37.193,50570,443
4.5259,tcp,tcp,S2,1,0,0,0,0,0,0,0,0,0,0,0,0,0,0,0,0,0,1,1,1.0,0.0,0.0,1,1,1.0,0.0,0.0,0.0,0.0,0.0,0.0,0.0,192.168.167.121,23.44.236.97,50331,443
4.5265,tcp,tcp,S2,1,0,0,0,0,0,0,0,0,0,0,0,0,0,0,0,0,0,1,1,1.0,0.0,0.0,1,1,1.0,0.0,0.0,0.0,0.0,0.0,0.0,0.0,192.168.167.121,23.44.236.97,50331,443
4.528,tcp,tcp,S2,1,0,0,0,0,0,0,0,0,0,0,0,0,0,0,0,0,0,1,1,1.0,0.0,0.0,1,1,1.0,0.0,0.0,0.0,0.0,0.0,0.0,0.0,192.168.167.121,23.44.236.88,50330,443
4.5289,tcp,tcp,S2,1,0,0,0,0,0,0,0,0,0,0,0,0,0,0,0,0,0,1,1,1.0,0.0,0.0,1,1,1.0,0.0,0.0,0.0,0.0,0.0,0.0,0.0,192.168.167.121,23.44.236.88,50330,443
4.6457,udp,udp,OTH,104,0,0,0,0,0,0,0,0,0,0,0,0,0,0,0,0,0,1,1,1.0,0.0,0.0,1,1,1.0,0.0,0.0,0.0,0.0,0.0,0.0,0.0,192.168.167.121,219.155.211.26,6881,11518
4.647,udp,udp,OTH,104,0,0,0,0,0,0,0,0,0,0,0,0,0,0,0,0,0,1,1,1.0,0.0,0.0,1,1,1.0,0.0,0.0,0.0,0.0,0.0,0.0,0.0,192.168.167.121,219.155.211.26,6881,11518
4.716,tcp,tcp,S2,0,0,0,0,0,0,0,0,0,0,0,0,0,0,0,0,0,0,1,1,1.0,0.0,0.0,1,1,1.0,0.0,0.0,0.0,0.0,0.0,0.0,0.0,71.18.37.193,192.168.167.121,443,50570
4.7164,tcp,tcp,S2,0,0,0,0,0,0,0,0,0,0,0,0,0,0,0,0,0,0,1,1,1.0,0.0,0.0,1,1,1.0,0.0,0.0,0.0,0.0,0.0,0.0,0.0,71.18.37.193,192.168.167.121,443,50570
4.7183,tcp,tcp,S2,1320,0,0,0,0,0,0,0,0,0,0,0,0,0,0,0,0,0,1,1,1.0,0.0,0.0,1,1,1.0,0.0,0.0,0.0,0.0,0.0,0.0,0.0,192.168.167.121,71.18.37.193,50570,443
4.7187,tcp,tcp,S2,1320,0,0,0,0,0,0,0,0,0,0,0,0,0,0,0,0,0,1,1,1.0,0.0,0.0,1,1,1.0,0.0,0.0,0.0,0.0,0.0,0.0,0.0,192.168.167.121,71.18.37.193,50570,443
4.7208,tcp,tcp,S2,1320,0,0,0,0,0,0,0,0,0,0,0,0,0,0,0,0,0,1,1,1.0,0.0,0.0,1,1,1.0,0.0,0.0,0.0,0.0,0.0,0.0,0.0,192.168.167.121,71.18.37.193,50570,443
4.7212,tcp,tcp,S2,1320,0,0,0,0,0,0,0,0,0,0,0,0,0,0,0,0,0,1,1,1.0,0.0,0.0,1,1,1.0,0.0,0.0,0.0,0.0,0.0,0.0,0.0,192.168.167.121,71.18.37.193,50570,443
4.7238,tcp,tcp,S2,1320,0,0,0,0,0,0,0,0,0,0,0,0,0,0,0,0,0,1,1,1.0,0.0,0.0,1,1,1.0,0.0,0.0,0.0,0.0,0.0,0.0,0.0,192.168.167.121,71.18.37.193,50570,443
4.7255,tcp,tcp,S2,1320,0,0,0,0,0,0,0,0,0,0,0,0,0,0,0,0,0,1,1,1.0,0.0,0.0,1,1,1.0,0.0,0.0,0.0,0.0,0.0,0.0,0.0,192.168.167.121,71.18.37.193,50570,443
4.7285,tcp,tcp,S2,1320,0,0,0,0,0,0,0,0,0,0,0,0,0,0,0,0,0,1,1,1.0,0.0,0.0,1,1,1.0,0.0,0.0,0.0,0.0,0.0,0.0,0.0,192.168.167.121,71.18.37.193,50570,443
4.7295,tcp,tcp,S2,1320,0,0,0,0,0,0,0,0,0,0,0,0,0,0,0,0,0,1,1,1.0,0.0,0.0,1,1,1.0,0.0,0.0,0.0,0.0,0.0,0.0,0.0,192.168.167.121,71.18.37.193,50570,443
4.7311,tcp,tcp,S2,0,0,0,0,0,0,0,0,0,0,0,0,0,0,0,0,0,0,1,1,1.0,0.0,0.0,1,1,1.0,0.0,0.0,0.0,0.0,0.0,0.0,0.0,71.18.37.193,192.168.167.121,443,50570
4.7316,tcp,tcp,S2,0,0,0,0,0,0,0,0,0,0,0,0,0,0,0,0,0,0,1,1,1.0,0.0,0.0,1,1,1.0,0.0,0.0,0.0,0.0,0.0,0.0,0.0,71.18.37.193,192.168.167.121,443,50570
4.7328,tcp,tcp,S2,0,0,0,0,0,0,0,0,0,0,0,0,0,0,0,0,0,0,1,1,1.0,0.0,0.0,1,1,1.0,0.0,0.0,0.0,0.0,0.0,0.0,0.0,71.18.37.193,192.168.167.121,443,50570
4.7332,tcp,tcp,S2,0,0,0,0,0,0,0,0,0,0,0,0,0,0,0,0,0,0,1,1,1.0,0.0,0.0,1,1,1.0,0.0,0.0,0.0,0.0,0.0,0.0,0.0,71.18.37.193,192.168.167.121,443,50570
4.7352,tcp,tcp,S2,1320,0,0,0,0,0,0,0,0,0,0,0,0,0,0,0,0,0,1,1,1.0,0.0,0.0,1,1,1.0,0.0,0.0,0.0,0.0,0.0,0.0,0.0,192.168.167.121,71.18.37.193,50570,443
4.7356,tcp,tcp,S2,1320,0,0,0,0,0,0,0,0,0,0,0,0,0,0,0,0,0,1,1,1.0,0.0,0.0,1,1,1.0,0.0,0.0,0.0,0.0,0.0,0.0,0.0,192.168.167.121,71.18.37.193,50570,443
4.7374,tcp,tcp,S2,1320,0,0,0,0,0,0,0,0,0,0,0,0,0,0,0,0,0,1,1,1.0,0.0,0.0,1,1,1.0,0.0,0.0,0.0,0.0,0.0,0.0,0.0,192.168.167.121,71.18.37.193,50570,443
4.7378,tcp,tcp,S2,1320,0,0,0,0,0,0,0,0,0,0,0,0,0,0,0,0,0,1,1,1.0,0.0,0.0,1,1,1.0,0.0,0.0,0.0,0.0,0.0,0.0,0.0,192.168.167.121,71.18.37.193,50570,443
4.7405,tcp,tcp,S2,1320,0,0,0,0,0,0,0,0,0,0,0,0,0,0,0,0,0,1,1,1.0,0.0,0.0,1,1,1.0,0.0,0.0,0.0,0.0,0.0,0.0,0.0,192.168.167.121,71.18.37.193,50570,443
4.7412,tcp,tcp,S2,1320,0,0,0,0,0,0,0,0,0,0,0,0,0,0,0,0,0,1,1,1.0,0.0,0.0,1,1,1.0,0.0,0.0,0.0,0.0,0.0,0.0,0.0,192.168.167.121,71.18.37.193,50570,443
4.7443,tcp,tcp,S2,869,0,0,0,0,0,0,0,0,0,0,0,0,0,0,0,0,0,1,1,1.0,0.0,0.0,1,1,1.0,0.0,0.0,0.0,0.0,0.0,0.0,0.0,192.168.167.121,71.18.37.193,50570,443
4.7448,tcp,tcp,S2,869,0,0,0,0,0,0,0,0,0,0,0,0,0,0,0,0,0,1,1,1.0,0.0,0.0,1,1,1.0,0.0,0.0,0.0,0.0,0.0,0.0,0.0,192.168.167.121,71.18.37.193,50570,443
4.7471,tcp,tcp,S2,0,0,0,0,0,0,0,0,0,0,0,0,0,0,0,0,0,0,1,1,1.0,0.0,0.0,1,1,1.0,0.0,0.0,0.0,0.0,0.0,0.0,0.0,71.18.37.193,192.168.167.121,443,50570
4.7475,tcp,tcp,S2,0,0,0,0,0,0,0,0,0,0,0,0,0,0,0,0,0,0,1,1,1.0,0.0,0.0,1,1,1.0,0.0,0.0,0.0,0.0,0.0,0.0,0.0,71.18.37.193,192.168.167.121,443,50570
4.7493,tcp,tcp,S2,0,0,0,0,0,0,0,0,0,0,0,0,0,0,0,0,0,0,1,1,1.0,0.0,0.0,1,1,1.0,0.0,0.0,0.0,0.0,0.0,0.0,0.0,71.18.37.193,192.168.167.121,443,50570
4.7498,tcp,tcp,S2,0,0,0,0,0,0,0,0,0,0,0,0,0,0,0,0,0,0,1,1,1.0,0.0,0.0,1,1,1.0,0.0,0.0,0.0,0.0,0.0,0.0,0.0,71.18.37.193,192.168.167.121,443,50570
4.7511,tcp,tcp,S2,0,0,0,0,0,0,0,0,0,0,0,0,0,0,0,0,0,0,1,1,1.0,0.0,0.0,1,1,1.0,0.0,0.0,0.0,0.0,0.0,0.0,0.0,23.44.236.88,192.168.167.121,443,50330
4.7515,tcp,tcp,S2,0,0,0,0,0,0,0,0,0,0,0,0,0,0,0,0,0,0,1,1,1.0,0.0,0.0,1,1,1.0,0.0,0.0,0.0,0.0,0.0,0.0,0.0,23.44.236.88,192.168.167.121,443,50330
4.7535,tcp,tcp,S2,0,0,0,0,0,0,0,0,0,0,0,0,0,0,0,0,0,0,1,1,1.0,0.0,0.0,1,1,1.0,0.0,0.0,0.0,0.0,0.0,0.0,0.0,23.44.236.97,192.168.167.121,443,50331
4.754,tcp,tcp,S2,0,0,0,0,0,0,0,0,0,0,0,0,0,0,0,0,0,0,1,1,1.0,0.0,0.0,1,1,1.0,0.0,0.0,0.0,0.0,0.0,0.0,0.0,23.44.236.97,192.168.167.121,443,50331
4.7596,tcp,tcp,S2,1,0,0,0,0,0,0,0,0,0,0,0,0,0,0,0,0,0,1,1,1.0,0.0,0.0,1,1,1.0,0.0,0.0,0.0,0.0,0.0,0.0,0.0,192.168.167.121,23.44.236.97,50355,443
4.76,tcp,tcp,S2,1,0,0,0,0,0,0,0,0,0,0,0,0,0,0,0,0,0,1,1,1.0,0.0,0.0,1,1,1.0,0.0,0.0,0.0,0.0,0.0,0.0,0.0,192.168.167.121,23.44.236.97,50355,443
4.9811,tcp,tcp,S2,0,0,0,0,0,0,0,0,0,0,0,0,0,0,0,0,0,0,1,1,1.0,0.0,0.0,1,1,1.0,0.0,0.0,0.0,0.0,0.0,0.0,0.0,23.44.236.97,192.168.167.121,443,50355
4.9815,tcp,tcp,S2,0,0,0,0,0,0,0,0,0,0,0,0,0,0,0,0,0,0,1,1,1.0,0.0,0.0,1,1,1.0,0.0,0.0,0.0,0.0,0.0,0.0,0.0,23.44.236.97,192.168.167.121,443,50355
4.9971,tcp,tcp,S2,0,0,0,0,0,0,0,0,0,0,0,0,0,0,0,0,0,0,1,1,1.0,0.0,0.0,1,1,1.0,0.0,0.0,0.0,0.0,0.0,0.0,0.0,71.18.37.193,192.168.167.121,443,50570
4.9979,tcp,tcp,S2,0,0,0,0,0,0,0,0,0,0,0,0,0,0,0,0,0,0,1,1,1.0,0.0,0.0,1,1,1.0,0.0,0.0,0.0,0.0,0.0,0.0,0.0,71.18.37.193,192.168.167.121,443,50570
4.9999,tcp,tcp,S2,0,0,0,0,0,0,0,0,0,0,0,0,0,0,0,0,0,0,1,1,1.0,0.0,0.0,1,1,1.0,0.0,0.0,0.0,0.0,0.0,0.0,0.0,71.18.37.193,192.168.167.121,443,50570
5.0005,tcp,tcp,S2,0,0,0,0,0,0,0,0,0,0,0,0,0,0,0,0,0,0,1,1,1.0,0.0,0.0,1,1,1.0,0.0,0.0,0.0,0.0,0.0,0.0,0.0,71.18.37.193,192.168.167.121,443,50570
5.0027,tcp,tcp,S2,0,0,0,0,0,0,0,0,0,0,0,0,0,0,0,0,0,0,1,1,1.0,0.0,0.0,1,1,1.0,0.0,0.0,0.0,0.0,0.0,0.0,0.0,71.18.37.193,192.168.167.121,443,50570
5.0032,tcp,tcp,S2,0,0,0,0,0,0,0,0,0,0,0,0,0,0,0,0,0,0,1,1,1.0,0.0,0.0,1,1,1.0,0.0,0.0,0.0,0.0,0.0,0.0,0.0,71.18.37.193,192.168.167.121,443,50570
5.0048,tcp,tcp,S2,0,0,0,0,0,0,0,0,0,0,0,0,0,0,0,0,0,0,1,1,1.0,0.0,0.0,1,1,1.0,0.0,0.0,0.0,0.0,0.0,0.0,0.0,71.18.37.193,192.168.167.121,443,50570
5.0052,tcp,tcp,S2,0,0,0,0,0,0,0,0,0,0,0,0,0,0,0,0,0,0,1,1,1.0,0.0,0.0,1,1,1.0,0.0,0.0,0.0,0.0,0.0,0.0,0.0,71.18.37.193,192.168.167.121,443,50570
5.161,tcp,tcp,SF,0,0,0,0,0,0,0,0,0,0,0,0,0,0,0,0,0,0,1,1,1.0,0.0,0.0,1,1,1.0,0.0,0.0,0.0,0.0,0.0,0.0,0.0,192.168.167.121,23.44.236.153,50512,443
5.1615,tcp,tcp,SF,0,0,0,0,0,0,0,0,0,0,0,0,0,0,0,0,0,0,1,1,1.0,0.0,0.0,1,1,1.0,0.0,0.0,0.0,0.0,0.0,0.0,0.0,192.168.167.121,23.44.236.153,50512,443
5.2854,tcp,tcp,S2,1352,0,0,0,0,0,0,0,0,0,0,0,0,0,0,0,0,0,1,1,1.0,0.0,0.0,1,1,1.0,0.0,0.0,0.0,0.0,0.0,0.0,0.0,71.18.37.193,192.168.167.121,443,50570
5.2858,tcp,tcp,S2,1352,0,0,0,0,0,0,0,0,0,0,0,0,0,0,0,0,0,1,1,1.0,0.0,0.0,1,1,1.0,0.0,0.0,0.0,0.0,0.0,0.0,0.0,71.18.37.193,192.168.167.121,443,50570
5.2874,tcp,tcp,S2,101,0,0,0,0,0,0,0,0,0,0,0,0,0,0,0,0,0,1,1,1.0,0.0,0.0,1,1,1.0,0.0,0.0,0.0,0.0,0.0,0.0,0.0,71.18.37.193,192.168.167.121,443,50570
5.2878,tcp,tcp,S2,101,0,0,0,0,0,0,0,0,0,0,0,0,0,0,0,0,0,1,1,1.0,0.0,0.0,1,1,1.0,0.0,0.0,0.0,0.0,0.0,0.0,0.0,71.18.37.193,192.168.167.121,443,50570
5.2898,tcp,tcp,S2,0,0,0,0,0,0,0,0,0,0,0,0,0,0,0,0,0,0,1,1,1.0,0.0,0.0,1,1,1.0,0.0,0.0,0.0,0.0,0.0,0.0,0.0,192.168.167.121,71.18.37.193,50570,443
5.2904,tcp,tcp,S2,0,0,0,0,0,0,0,0,0,0,0,0,0,0,0,0,0,0,1,1,1.0,0.0,0.0,1,1,1.0,0.0,0.0,0.0,0.0,0.0,0.0,0.0,192.168.167.121,71.18.37.193,50570,443
5.3548,tcp,tcp,S2,24,0,0,0,0,0,0,0,0,0,0,0,0,0,0,0,0,0,1,1,1.0,0.0,0.0,1,1,1.0,0.0,0.0,0.0,0.0,0.0,0.0,0.0,23.44.236.153,192.168.167.121,443,50512
5.3553,tcp,tcp,S2,24,0,0,0,0,0,0,0,0,0,0,0,0,0,0,0,0,0,1,1,1.0,0.0,0.0,1,1,1.0,0.0,0.0,0.0,0.0,0.0,0.0,0.0,23.44.236.153,192.168.167.121,443,50512
5.3599,tcp,tcp,SF,0,0,0,0,0,0,0,0,0,0,0,0,0,0,0,0,0,0,1,1,1.0,0.0,0.0,1,1,1.0,0.0,0.0,0.0,0.0,0.0,0.0,0.0,23.44.236.153,192.168.167.121,443,50512
5.3607,tcp,tcp,SF,0,0,0,0,0,0,0,0,0,0,0,0,0,0,0,0,0,0,1,1,1.0,0.0,0.0,1,1,1.0,0.0,0.0,0.0,0.0,0.0,0.0,0.0,23.44.236.153,192.168.167.121,443,50512
5.3641,tcp,tcp,REJ,0,0,0,0,0,0,0,0,0,0,0,0,0,0,0,0,0,0,1,1,1.0,0.0,0.0,1,1,1.0,0.0,0.0,0.0,0.0,0.0,0.0,0.0,192.168.167.121,23.44.236.153,50512,443
5.3648,tcp,tcp,REJ,0,0,0,0,0,0,0,0,0,0,0,0,0,0,0,0,0,0,1,1,1.0,0.0,0.0,1,1,1.0,0.0,0.0,0.0,0.0,0.0,0.0,0.0,192.168.167.121,23.44.236.153,50512,443
5.7599,tcp,tcp,S2,1,0,0,0,0,0,0,0,0,0,0,0,0,0,0,0,0,0,1,1,1.0,0.0,0.0,1,1,1.0,0.0,0.0,0.0,0.0,0.0,0.0,0.0,192.168.167.121,23.44.236.88,50330,443
5.7607,tcp,tcp,S2,1,0,0,0,0,0,0,0,0,0,0,0,0,0,0,0,0,0,1,1,1.0,0.0,0.0,1,1,1.0,0.0,0.0,0.0,0.0,0.0,0.0,0.0,192.168.167.121,23.44.236.88,50330,443
5.7627,tcp,tcp,S2,1,0,0,0,0,0,0,0,0,0,0,0,0,0,0,0,0,0,1,1,1.0,0.0,0.0,1,1,1.0,0.0,0.0,0.0,0.0,0.0,0.0,0.0,192.168.167.121,23.44.236.97,50331,443
5.7632,tcp,tcp,S2,1,0,0,0,0,0,0,0,0,0,0,0,0,0,0,0,0,0,1,1,1.0,0.0,0.0,1,1,1.0,0.0,0.0,0.0,0.0,0.0,0.0,0.0,192.168.167.121,23.44.236.97,50331,443
5.9808,tcp,tcp,S2,0,0,0,0,0,0,0,0,0,0,0,0,0,0,0,0,0,0,1,1,1.0,0.0,0.0,1,1,1.0,0.0,0.0,0.0,0.0,0.0,0.0,0.0,23.44.236.88,192.168.167.121,443,50330
5.9812,tcp,tcp,S2,0,0,0,0,0,0,0,0,0,0,0,0,0,0,0,0,0,0,1,1,1.0,0.0,0.0,1,1,1.0,0.0,0.0,0.0,0.0,0.0,0.0,0.0,23.44.236.88,192.168.167.121,443,50330
5.9874,tcp,tcp,S2,0,0,0,0,0,0,0,0,0,0,0,0,0,0,0,0,0,0,1,1,1.0,0.0,0.0,1,1,1.0,0.0,0.0,0.0,0.0,0.0,0.0,0.0,23.44.236.97,192.168.167.121,443,50331
5.9889,tcp,tcp,S2,0,0,0,0,0,0,0,0,0,0,0,0,0,0,0,0,0,0,1,1,1.0,0.0,0.0,1,1,1.0,0.0,0.0,0.0,0.0,0.0,0.0,0.0,23.44.236.97,192.168.167.121,443,50331
5.9949,tcp,tcp,S2,1,0,0,0,0,0,0,0,0,0,0,0,0,0,0,0,0,0,1,1,1.0,0.0,0.0,1,1,1.0,0.0,0.0,0.0,0.0,0.0,0.0,0.0,192.168.167.121,23.44.236.97,50355,443
5.9968,tcp,tcp,S2,1,0,0,0,0,0,0,0,0,0,0,0,0,0,0,0,0,0,1,1,1.0,0.0,0.0,1,1,1.0,0.0,0.0,0.0,0.0,0.0,0.0,0.0,192.168.167.121,23.44.236.97,50355,443
6.1978,tcp,tcp,S2,0,0,0,0,0,0,0,0,0,0,0,0,0,0,0,0,0,0,1,1,1.0,0.0,0.0,1,1,1.0,0.0,0.0,0.0,0.0,0.0,0.0,0.0,23.44.236.97,192.168.167.121,443,50355
6.1984,tcp,tcp,S2,0,0,0,0,0,0,0,0,0,0,0,0,0,0,0,0,0,0,1,1,1.0,0.0,0.0,1,1,1.0,0.0,0.0,0.0,0.0,0.0,0.0,0.0,23.44.236.97,192.168.167.121,443,50355
6.2924,tcp,tcp,S2,1,0,0,0,0,0,0,0,0,0,0,0,0,0,0,0,0,0,1,1,1.0,0.0,0.0,1,1,1.0,0.0,0.0,0.0,0.0,0.0,0.0,0.0,192.168.167.121,71.18.37.193,50570,443
6.2931,tcp,tcp,S2,1,0,0,0,0,0,0,0,0,0,0,0,0,0,0,0,0,0,1,1,1.0,0.0,0.0,1,1,1.0,0.0,0.0,0.0,0.0,0.0,0.0,0.0,192.168.167.121,71.18.37.193,50570,443
6.5775,tcp,tcp,S2,0,0,0,0,0,0,0,0,0,0,0,0,0,0,0,0,0,0,1,1,1.0,0.0,0.0,1,1,1.0,0.0,0.0,0.0,0.0,0.0,0.0,0.0,71.18.37.193,192.168.167.121,443,50570
6.5786,tcp,tcp,S2,0,0,0,0,0,0,0,0,0,0,0,0,0,0,0,0,0,0,1,1,1.0,0.0,0.0,1,1,1.0,0.0,0.0,0.0,0.0,0.0,0.0,0.0,71.18.37.193,192.168.167.121,443,50570
6.9919,tcp,tcp,S2,1,0,0,0,0,0,0,0,0,0,0,0,0,0,0,0,0,0,1,1,1.0,0.0,0.0,1,1,1.0,0.0,0.0,0.0,0.0,0.0,0.0,0.0,192.168.167.121,23.44.236.97,50331,443
6.9929,tcp,tcp,S2,1,0,0,0,0,0,0,0,0,0,0,0,0,0,0,0,0,0,1,1,1.0,0.0,0.0,1,1,1.0,0.0,0.0,0.0,0.0,0.0,0.0,0.0,192.168.167.121,23.44.236.97,50331,443
6.9957,tcp,tcp,S2,1,0,0,0,0,0,0,0,0,0,0,0,0,0,0,0,0,0,1,1,1.0,0.0,0.0,1,1,1.0,0.0,0.0,0.0,0.0,0.0,0.0,0.0,192.168.167.121,23.44.236.88,50330,443
6.9962,tcp,tcp,S2,1,0,0,0,0,0,0,0,0,0,0,0,0,0,0,0,0,0,1,1,1.0,0.0,0.0,1,1,1.0,0.0,0.0,0.0,0.0,0.0,0.0,0.0,192.168.167.121,23.44.236.88,50330,443
7.1988,tcp,tcp,S2,0,0,0,0,0,0,0,0,0,0,0,0,0,0,0,0,0,0,1,1,1.0,0.0,0.0,1,1,1.0,0.0,0.0,0.0,0.0,0.0,0.0,0.0,23.44.236.88,192.168.167.121,443,50330
7.1994,tcp,tcp,S2,0,0,0,0,0,0,0,0,0,0,0,0,0,0,0,0,0,0,1,1,1.0,0.0,0.0,1,1,1.0,0.0,0.0,0.0,0.0,0.0,0.0,0.0,23.44.236.88,192.168.167.121,443,50330
7.2103,tcp,tcp,S2,1,0,0,0,0,0,0,0,0,0,0,0,0,0,0,0,0,0,1,1,1.0,0.0,0.0,1,1,1.0,0.0,0.0,0.0,0.0,0.0,0.0,0.0,192.168.167.121,23.44.236.97,50355,443
7.2112,tcp,tcp,S2,1,0,0,0,0,0,0,0,0,0,0,0,0,0,0,0,0,0,1,1,1.0,0.0,0.0,1,1,1.0,0.0,0.0,0.0,0.0,0.0,0.0,0.0,192.168.167.121,23.44.236.97,50355,443
7.2247,tcp,tcp,S2,0,0,0,0,0,0,0,0,0,0,0,0,0,0,0,0,0,0,1,1,1.0,0.0,0.0,1,1,1.0,0.0,0.0,0.0,0.0,0.0,0.0,0.0,23.44.236.97,192.168.167.121,443,50331
7.2255,tcp,tcp,S2,0,0,0,0,0,0,0,0,0,0,0,0,0,0,0,0,0,0,1,1,1.0,0.0,0.0,1,1,1.0,0.0,0.0,0.0,0.0,0.0,0.0,0.0,23.44.236.97,192.168.167.121,443,50331
7.4275,tcp,tcp,S2,0,0,0,0,0,0,0,0,0,0,0,0,0,0,0,0,0,0,1,1,1.0,0.0,0.0,1,1,1.0,0.0,0.0,0.0,0.0,0.0,0.0,0.0,23.44.236.97,192.168.167.121,443,50355
7.428,tcp,tcp,S2,0,0,0,0,0,0,0,0,0,0,0,0,0,0,0,0,0,0,1,1,1.0,0.0,0.0,1,1,1.0,0.0,0.0,0.0,0.0,0.0,0.0,0.0,23.44.236.97,192.168.167.121,443,50355
7.5751,tcp,tcp,S2,1,0,0,0,0,0,0,0,0,0,0,0,0,0,0,0,0,0,1,1,1.0,0.0,0.0,1,1,1.0,0.0,0.0,0.0,0.0,0.0,0.0,0.0,192.168.167.121,71.18.37.193,50570,443
7.5765,tcp,tcp,S2,1,0,0,0,0,0,0,0,0,0,0,0,0,0,0,0,0,0,1,1,1.0,0.0,0.0,1,1,1.0,0.0,0.0,0.0,0.0,0.0,0.0,0.0,192.168.167.121,71.18.37.193,50570,443
7.6761,udp,udp,OTH,275,0,0,0,0,0,0,0,0,0,0,0,0,0,0,0,0,0,1,1,1.0,0.0,0.0,1,1,1.0,0.0,0.0,0.0,0.0,0.0,0.0,0.0,219.155.211.26,192.168.167.121,11518,6881
7.6764,udp,udp,OTH,275,0,0,0,0,0,0,0,0,0,0,0,0,0,0,0,0,0,1,1,1.0,0.0,0.0,1,1,1.0,0.0,0.0,0.0,0.0,0.0,0.0,0.0,219.155.211.26,192.168.167.121,11518,6881
7.8655,tcp,tcp,S2,0,0,0,0,0,0,0,0,0,0,0,0,0,0,0,0,0,0,1,1,1.0,0.0,0.0,1,1,1.0,0.0,0.0,0.0,0.0,0.0,0.0,0.0,71.18.37.193,192.168.167.121,443,50570
7.8659,tcp,tcp,S2,0,0,0,0,0,0,0,0,0,0,0,0,0,0,0,0,0,0,1,1,1.0,0.0,0.0,1,1,1.0,0.0,0.0,0.0,0.0,0.0,0.0,0.0,71.18.37.193,192.168.167.121,443,50570
8.2088,tcp,tcp,S2,1,0,0,0,0,0,0,0,0,0,0,0,0,0,0,0,0,0,1,1,1.0,0.0,0.0,1,1,1.0,0.0,0.0,0.0,0.0,0.0,0.0,0.0,192.168.167.121,23.44.236.88,50330,443
8.21,tcp,tcp,S2,1,0,0,0,0,0,0,0,0,0,0,0,0,0,0,0,0,0,1,1,1.0,0.0,0.0,1,1,1.0,0.0,0.0,0.0,0.0,0.0,0.0,0.0,192.168.167.121,23.44.236.88,50330,443
8.2303,tcp,tcp,S2,1,0,0,0,0,0,0,0,0,0,0,0,0,0,0,0,0,0,1,1,1.0,0.0,0.0,1,1,1.0,0.0,0.0,0.0,0.0,0.0,0.0,0.0,192.168.167.121,23.44.236.97,50331,443
8.2308,tcp,tcp,S2,1,0,0,0,0,0,0,0,0,0,0,0,0,0,0,0,0,0,1,1,1.0,0.0,0.0,1,1,1.0,0.0,0.0,0.0,0.0,0.0,0.0,0.0,192.168.167.121,23.44.236.97,50331,443
8.4391,tcp,tcp,S2,1,0,0,0,0,0,0,0,0,0,0,0,0,0,0,0,0,0,1,1,1.0,0.0,0.0,1,1,1.0,0.0,0.0,0.0,0.0,0.0,0.0,0.0,192.168.167.121,23.44.236.97,50355,443
8.4395,tcp,tcp,S2,1,0,0,0,0,0,0,0,0,0,0,0,0,0,0,0,0,0,1,1,1.0,0.0,0.0,1,1,1.0,0.0,0.0,0.0,0.0,0.0,0.0,0.0,192.168.167.121,23.44.236.97,50355,443
8.4459,tcp,tcp,S2,0,0,0,0,0,0,0,0,0,0,0,0,0,0,0,0,0,0,1,1,1.0,0.0,0.0,1,1,1.0,0.0,0.0,0.0,0.0,0.0,0.0,0.0,23.44.236.88,192.168.167.121,443,50330
8.4461,tcp,tcp,S2,0,0,0,0,0,0,0,0,0,0,0,0,0,0,0,0,0,0,1,1,1.0,0.0,0.0,1,1,1.0,0.0,0.0,0.0,0.0,0.0,0.0,0.0,23.44.236.88,192.168.167.121,443,50330
8.4468,tcp,tcp,S2,0,0,0,0,0,0,0,0,0,0,0,0,0,0,0,0,0,0,1,1,1.0,0.0,0.0,1,1,1.0,0.0,0.0,0.0,0.0,0.0,0.0,0.0,23.44.236.97,192.168.167.121,443,50331
8.447,tcp,tcp,S2,0,0,0,0,0,0,0,0,0,0,0,0,0,0,0,0,0,0,1,1,1.0,0.0,0.0,1,1,1.0,0.0,0.0,0.0,0.0,0.0,0.0,0.0,23.44.236.97,192.168.167.121,443,50331
8.6658,tcp,tcp,S2,0,0,0,0,0,0,0,0,0,0,0,0,0,0,0,0,0,0,1,1,1.0,0.0,0.0,1,1,1.0,0.0,0.0,0.0,0.0,0.0,0.0,0.0,23.44.236.97,192.168.167.121,443,50355
8.6663,tcp,tcp,S2,0,0,0,0,0,0,0,0,0,0,0,0,0,0,0,0,0,0,1,1,1.0,0.0,0.0,1,1,1.0,0.0,0.0,0.0,0.0,0.0,0.0,0.0,23.44.236.97,192.168.167.121,443,50355
8.8733,tcp,tcp,S2,1,0,0,0,0,0,0,0,0,0,0,0,0,0,0,0,0,0,1,1,1.0,0.0,0.0,1,1,1.0,0.0,0.0,0.0,0.0,0.0,0.0,0.0,192.168.167.121,71.18.37.193,50570,443
8.8738,tcp,tcp,S2,1,0,0,0,0,0,0,0,0,0,0,0,0,0,0,0,0,0,1,1,1.0,0.0,0.0,1,1,1.0,0.0,0.0,0.0,0.0,0.0,0.0,0.0,192.168.167.121,71.18.37.193,50570,443
9.1775,tcp,tcp,S2,0,0,0,0,0,0,0,0,0,0,0,0,0,0,0,0,0,0,1,1,1.0,0.0,0.0,1,1,1.0,0.0,0.0,0.0,0.0,0.0,0.0,0.0,71.18.37.193,192.168.167.121,443,50570
9.1779,tcp,tcp,S2,0,0,0,0,0,0,0,0,0,0,0,0,0,0,0,0,0,0,1,1,1.0,0.0,0.0,1,1,1.0,0.0,0.0,0.0,0.0,0.0,0.0,0.0,71.18.37.193,192.168.167.121,443,50570
9.4558,tcp,tcp,S2,1,0,0,0,0,0,0,0,0,0,0,0,0,0,0,0,0,0,1,1,1.0,0.0,0.0,1,1,1.0,0.0,0.0,0.0,0.0,0.0,0.0,0.0,192.168.167.121,23.44.236.97,50331,443
9.4566,tcp,tcp,S2,1,0,0,0,0,0,0,0,0,0,0,0,0,0,0,0,0,0,1,1,1.0,0.0,0.0,1,1,1.0,0.0,0.0,0.0,0.0,0.0,0.0,0.0,192.168.167.121,23.44.236.97,50331,443
9.4592,tcp,tcp,S2,1,0,0,0,0,0,0,0,0,0,0,0,0,0,0,0,0,0,1,1,1.0,0.0,0.0,1,1,1.0,0.0,0.0,0.0,0.0,0.0,0.0,0.0,192.168.167.121,23.44.236.88,50330,443
9.4598,tcp,tcp,S2,1,0,0,0,0,0,0,0,0,0,0,0,0,0,0,0,0,0,1,1,1.0,0.0,0.0,1,1,1.0,0.0,0.0,0.0,0.0,0.0,0.0,0.0,192.168.167.121,23.44.236.88,50330,443
9.6571,udp,udp,OTH,104,0,0,0,0,0,0,0,0,0,0,0,0,0,0,0,0,0,1,1,1.0,0.0,0.0,1,1,1.0,0.0,0.0,0.0,0.0,0.0,0.0,0.0,192.168.167.121,59.88.20.181,6881,8083
9.6578,udp,udp,OTH,104,0,0,0,0,0,0,0,0,0,0,0,0,0,0,0,0,0,1,1,1.0,0.0,0.0,1,1,1.0,0.0,0.0,0.0,0.0,0.0,0.0,0.0,192.168.167.121,59.88.20.181,6881,8083
9.6691,tcp,tcp,S2,0,0,0,0,0,0,0,0,0,0,0,0,0,0,0,0,0,0,1,1,1.0,0.0,0.0,1,1,1.0,0.0,0.0,0.0,0.0,0.0,0.0,0.0,23.44.236.88,192.168.167.121,443,50330
9.67,tcp,tcp,S2,0,0,0,0,0,0,0,0,0,0,0,0,0,0,0,0,0,0,1,1,1.0,0.0,0.0,1,1,1.0,0.0,0.0,0.0,0.0,0.0,0.0,0.0,23.44.236.88,192.168.167.121,443,50330
9.6731,tcp,tcp,S2,1,0,0,0,0,0,0,0,0,0,0,0,0,0,0,0,0,0,1,1,1.0,0.0,0.0,1,1,1.0,0.0,0.0,0.0,0.0,0.0,0.0,0.0,192.168.167.121,23.44.236.97,50355,443
9.6738,tcp,tcp,S2,1,0,0,0,0,0,0,0,0,0,0,0,0,0,0,0,0,0,1,1,1.0,0.0,0.0,1,1,1.0,0.0,0.0,0.0,0.0,0.0,0.0,0.0,192.168.167.121,23.44.236.97,50355,443
9.6793,tcp,tcp,S2,0,0,0,0,0,0,0,0,0,0,0,0,0,0,0,0,0,0,1,1,1.0,0.0,0.0,1,1,1.0,0.0,0.0,0.0,0.0,0.0,0.0,0.0,23.44.236.97,192.168.167.121,443,50331
9.6797,tcp,tcp,S2,0,0,0,0,0,0,0,0,0,0,0,0,0,0,0,0,0,0,1,1,1.0,0.0,0.0,1,1,1.0,0.0,0.0,0.0,0.0,0.0,0.0,0.0,23.44.236.97,192.168.167.121,443,50331
9.8823,tcp,tcp,S2,0,0,0,0,0,0,0,0,0,0,0,0,0,0,0,0,0,0,1,1,1.0,0.0,0.0,1,1,1.0,0.0,0.0,0.0,0.0,0.0,0.0,0.0,23.44.236.97,192.168.167.121,443,50355
9.8833,tcp,tcp,S2,0,0,0,0,0,0,0,0,0,0,0,0,0,0,0,0,0,0,1,1,1.0,0.0,0.0,1,1,1.0,0.0,0.0,0.0,0.0,0.0,0.0,0.0,23.44.236.97,192.168.167.121,443,50355
9.8989,udp,udp,OTH,275,0,0,0,0,0,0,0,0,0,0,0,0,0,0,0,0,0,1,1,1.0,0.0,0.0,1,1,1.0,0.0,0.0,0.0,0.0,0.0,0.0,0.0,59.88.20.181,192.168.167.121,8083,6881
9.8993,udp,udp,OTH,275,0,0,0,0,0,0,0,0,0,0,0,0,0,0,0,0,0,1,1,1.0,0.0,0.0,1,1,1.0,0.0,0.0,0.0,0.0,0.0,0.0,0.0,59.88.20.181,192.168.167.121,8083,6881
